{
    "Sampson": {
        "icon": "images/sampson_1.jpg",
        "territory": [
            [
                -86.514,
                39.16436111111111
            ],
            [
                -86.51425,
                39.165333333333336
            ],
            [
                -86.51561111111111,
                39.165527777777775
            ],
            [
                -86.51533333333333,
                39.16613888888889
            ],
            [
                -86.51605555555555,
                39.16675
            ],
            [
                -86.51580555555556,
                39.16727777777778
            ],
            [
                -86.51811111111111,
                39.1675
            ],
            [
                -86.51877777777777,
                39.16719444444445
            ],
            [
                -86.52072222222222,
                39.16683333333334
            ],
            [
                -86.52075,
                39.16569444444445
            ],
            [
                -86.5201388888889,
                39.16436111111111
            ],
            [
                -86.51630555555556,
                39.16436111111111
            ]
        ],
        "favorite_spot": [
            -86.51961111111112,
            39.16591666666667
        ],
        "nests": [
            [
                -86.51783333333333,
                39.164611111111114
            ],
            [
                -86.51877777777777,
                39.165333333333336
            ],
            [
                -86.51730555555555,
                39.167
            ]
        ]
    },
    "Charlotte": {
        "icon": "images/charlotte_1.jpg",
        "territory": [
            [
                -86.51844444444444,
                39.16436111111111
            ],
            [
                -86.51841666666667,
                39.165055555555554
            ],
            [
                -86.51841666666667,
                39.1655
            ],
            [
                -86.51791666666666,
                39.16588888888889
            ],
            [
                -86.51922222222223,
                39.16602777777778
            ],
            [
                -86.52086111111112,
                39.1655
            ],
            [
                -86.52016666666667,
                39.16436111111111
            ],
            [
                -86.52075,
                39.16436111111111
            ],
            [
                -86.52072222222222,
                39.16458333333333
            ],
            [
                -86.52169444444445,
                39.16455555555556
            ],
            [
                -86.52172222222222,
                39.163694444444445
            ],
            [
                -86.51919444444445,
                39.163666666666664
            ]
        ],
        "favorite_spot": [
            -86.51975,
            39.16513888888889
        ],
        "nests": [
            [
                -86.51961111111112,
                39.164972222222225
            ],
            [
                -86.51991666666666,
                39.16438888888889
            ],
            [
                -86.519,
                39.16455555555556
            ],
            [
                -86.51875,
                39.1655
            ]
        ]
    }
}